"textid","domain"
"t0001","medicine"
"t0001","injury"
"t0002","social"
"t0003","pregnancy/childbirth"
"t0004","medicine"
"t0004","pregnancy/childbirth"
"t0005","medicine"
"t0006","medicine"
"t0006","trade"
"t0007","medicine"
"t0008","medicine"
"t0009","injury"
"t0010","medicine"
"t0011","medicine"
"t0012","medicine"
"t0013","medicine"
"t0014","medicine"
"t0015","injury"
"t0016","medicine"
"t0017","medicine"
"t0018","medicine"
"t0019","medicine"
"t0019","psychology"
"t0020","medicine"
"t0020","pregnancy/childbirth"
"t0020","misfortune"
"t0020","social"
"t0021","medicine"
"t0022","medicine"
"t0023","medicine"
"t0024","medicine"
"t0025","medicine"
"t0025","astronomy"
"t0025","construction"
"t0026","construction"
"t0026","astronomy"
"t0027","medicine"
"t0028","construction"
"t0028","astronomy"
"t0029","construction"
"t0030","pregnancy/childbirth"
"t0031","medicine"
"t0032","medicine"
"t0033","medicine"
"t0034","medicine"
"t0035","pregnancy/childbirth"
"t0036","pregnancy/childbirth"
"t0037","medicine"
"t0038","medicine"
"t0039","medicine"
"t0039","astronomy"
"t0039","divination/uncertainty"
"t0040","pregnancy/childbirth"
"t0041","medicine"
"t0042","medicine"
"t0042","education"
"t0043","medicine"
"t0044","sexual stimulation"
"t0044","psychology"
"t0045","sexual stimulation"
"t0045","psychology"
"t0045","mental illness"
"t0046","pregnancy/childbirth"
"t0047","body alteration"
"t0048","pregnancy/childbirth"
"t0048","divination/uncertainty"
"t0049","medicine"
"t0050","medicine"
"t0051","medicine"
"t0052","pregnancy/childbirth"
"t0052","tradition"
"t0052","social"
"t0053","genealogy"
"t0053","history"
"t0054","genealogy"
"t0054","marriage"
"t0055","genealogy"
"t0055","history"
"t0055","marriage"
"t0056","history"
"t0056","music"
"t0057","art/crafts"
"t0058","art/crafts"
"t0058","warfare"
"t0059","subsistence"
"t0060","medicine"
"t0061","art/crafts"
"t0062","genealogy"
"t0062","history"
"t0062","social"
"t0063","zoology"
"t0063","divination/uncertainty"
"t0063","genealogy"
"t0064","injury"
"t0065","genealogy"
"t0066","medicine"
"t0067","medicine"
"t0068","medicine"
"t0069","abortion"
"t0070","construction"
"t0071","medicine"
"t0072","social"
"t0073","medicine"
"t0074","medicine"
"t0075","medicine"
"t0076","medicine"
"t0076","injury"
"t0077","medicine"
"t0077","injury"
"t0078","injury"
"t0078","pregnancy/childbirth"
"t0078","abortion"
"t0079","pregnancy/childbirth"
"t0080","medicine"
"t0081","medicine"
"t0082","medicine"
"t0083","medicine"
"t0084","medicine"
"t0085","medicine"
"t0086","medicine"
"t0087","medicine"
"t0087","injury"
"t0088","pregnancy/childbirth"
"t0089","pregnancy/childbirth"
"t0090","history"
"t0091","medicine"
"t0092","medicine"
"t0093","medicine"
"t0094","medicine"
"t0095","medicine"
"t0095","injury"
"t0096","medicine"
"t0097","medicine"
"t0098","medicine"
"t0099","medicine"
"t0100","medicine"
"t0100","meteorology"
"t0100","subsistence"
"t0101","medicine"
"t0102","medicine"
"t0103","pregnancy/childbirth"
"t0104","medicine"
"t0105","pregnancy/childbirth"
"t0106","trade"
"t0107","medicine"
"t0107","pregnancy/childbirth"
"t0107","abortion"
"t0108","subsistence"
"t0108","boat making"
"t0109","medicine"
"t0110","medicine"
"t0111","pregnancy/childbirth"
"t0112","subsistence"
"t0112","divination/uncertainty"
"t0113","medicine"
"t0114","medicine"
"t0115","medicine"
"t0116","medicine"
"t0116","body alteration"
"t0117","medicine"
"t0118","medicine"
"t0118","subsistence"
"t0119","medicine"
"t0119","injury"
"t0120","medicine"
"t0120","injury"
"t0121","medicine"
"t0122","medicine"
"t0123","medicine"
"t0123","matchmaking"
"t0123","divination/uncertainty"
"t0123","social"
"t0123","injury"
"t0124","medicine"
"t0124","matchmaking"
"t0125","pregnancy/childbirth"
"t0126","social"
"t0127","sexual stimulation"
"t0128","medicine"
"t0129","injury"
"t0129","veterinary"
"t0130","veterinary"
"t0131","abortion"
"t0132","medicine"
"t0133","medicine"
"t0133","subsistence"
"t0133","construction"
"t0134","medicine"
"t0135","subsistence"
"t0136","medicine"
"t0136","subsistence"
"t0137","sexual stimulation"
"t0138","medicine"
"t0138","injury"
"t0139","medicine"
"t0140","medicine"
"t0140","pregnancy/childbirth"
"t0141","medicine"
"t0142","medicine"
"t0143","injury"
"t0144","dentistry"
"t0145","medicine"
"t0145","injury"
"t0146","medicine"
"t0146","injury"
"t0146","dentistry"
"t0147","medicine"
"t0148","sexual stimulation"
"t0149","medicine"
"t0149","pregnancy/childbirth"
"t0150","sexual stimulation"
"t0151","medicine"
"t0151","injury"
"t0152","medicine"
"t0152","injury"
"t0153","medicine"
"t0153","construction"
"t0153","navigation"
"t0153","divination/uncertainty"
"t0153","fighting"
"t0154","medicine"
"t0154","pregnancy/childbirth"
"t0154","injury"
"t0155","sexual stimulation"
"t0156","history"
"t0156","warfare"
"t0156","social"
"t0156","genealogy"
"t0156","politics"
"t0156","navigation"
"t0157","pregnancy/childbirth"
"t0158","medicine"
"t0159","medicine"
"t0159","navigation"
"t0159","boat making"
"t0160","medicine"
"t0160","injury"
"t0161","warfare"
"t0161","boat making"
"t0162","art/crafts"
"t0163","medicine"
"t0164","medicine"
"t0165","construction"
"t0165","boat making"
"t0166","construction"
"t0166","boat making"
"t0167","social"
"t0167","tradition"
"t0167","law"
"t0167","warfare"
"t0168","construction"
"t0168","boat making"
"t0168","navigation"
"t0169","body alteration"
"t0170","injury"
"t0171","medicine"
"t0171","pregnancy/childbirth"
"t0172","navigation"
"t0172","subsistence"
"t0172","boat making"
"t0173","navigation"
"t0173","subsistence"
"t0173","boat making"
"t0174","construction"
"t0174","boat making"
"t0174","woodworking"
"t0174","navigation"
"t0174","subsistence"
"t0175","tradition"
"t0175","speech"
"t0175","history"
"t0176","medicine"
"t0177","navigation"
"t0177","subsistence"
"t0177","genealogy"
"t0177","history"
"t0178","woodworking"
"t0178","navigation"
"t0178","subsistence"
"t0179","medicine"
"t0180","history"
"t0181","history"
"t0182","pregnancy/childbirth"
"t0183","medicine"
"t0183","injury"
"t0184","medicine"
"t0184","genealogy"
"t0184","math/measures"
"t0185","medicine"
"t0186","injury"
"t0187","medicine"
"t0188","sexual stimulation"
"t0188","matchmaking"
"t0189","medicine"
"t0190","injury"
"t0191","medicine"
"t0191","injury"
"t0192","medicine"
"t0193","social"
"t0194","medicine"
"t0195","medicine"
"t0195","pregnancy/childbirth"
"t0195","injury"
"t0196","medicine"
"t0196","injury"
"t0196","pregnancy/childbirth"
"t0197","medicine"
"t0197","injury"
"t0197","pregnancy/childbirth"
"t0198","pregnancy/childbirth"
"t0199","medicine"
"t0200","history"
"t0201","medicine"
"t0201","pregnancy/childbirth"
"t0202","medicine"
"t0203","medicine"
"t0204","medicine"
"t0205","abortion"
"t0206","medicine"
"t0207","social"
"t0207","politics"
"t0207","history"
"t0208","medicine"
"t0209","medicine"
"t0210","medicine"
"t0211","medicine"
"t0212","medicine"
"t0213","medicine"
"t0214","medicine"
"t0215","medicine"
"t0216","medicine"
"t0217","medicine"
"t0217","injury"
"t0218","genealogy"
"t0219","social"
"t0219","politics"
"t0220","medicine"
"t0221","medicine"
"t0221","injury"
"t0222","medicine"
"t0223","medicine"
"t0224","medicine"
"t0225","medicine"
"t0225","injury"
"t0225","pregnancy/childbirth"
"t0226","medicine"
"t0226","injury"
"t0227","medicine"
"t0227","injury"
"t0228","medicine"
"t0228","injury"
"t0229","medicine"
"t0230","medicine"
"t0231","medicine"
"t0232","medicine"
"t0233","medicine"
"t0234","medicine"
"t0235","medicine"
"t0236","medicine"
"t0237","medicine"
"t0238","pregnancy/childbirth"
"t0239","medicine"
"t0240","pregnancy/childbirth"
"t0241","medicine"
"t0241","injury"
"t0242","medicine"
"t0243","medicine"
"t0244","medicine"
"t0245","body alteration"
"t0246","medicine"
"t0247","injury"
"t0248","politics"
"t0248","social"
"t0249","pregnancy/childbirth"
"t0250","marriage"
"t0250","pregnancy/childbirth"
"t0250","tradition"
"t0251","medicine"
"t0252","medicine"
"t0253","medicine"
"t0254","medicine"
"t0255","medicine"
"t0256","medicine"
"t0256","injury"
"t0257","medicine"
"t0257","injury"
"t0257","meteorology"
"t0258","medicine"
"t0258","tradition"
"t0258","social"
"t0259","medicine"
"t0259","mental illness"
"t0260","art/crafts"
"t0261","pregnancy/childbirth"
"t0262","genealogy"
"t0263","medicine"
"t0263","divination/uncertainty"
"t0264","medicine"
"t0264","education"
"t0264","anatomy"
"t0265","medicine"
"t0265","injury"
"t0266","medicine"
"t0266","body alteration"
"t0266","naming"
"t0267","medicine"
"t0268","history"
"t0268","law"
"t0268","tradition"
"t0268","education"
"t0269","medicine"
"t0269","divination/uncertainty"
"t0269","misfortune"
"t0269","general"
"t0270","medicine"
"t0270","pregnancy/childbirth"
"t0270","sexual stimulation"
"t0270","body alteration"
"t0271","medicine"
"t0271","sexual stimulation"
"t0271","matchmaking"
"t0272","pregnancy/childbirth"
"t0273","anatomy"
"t0273","subsistence"
"t0273","zoology"
"t0274","medicine"
"t0275","pregnancy/childbirth"
"t0276","pregnancy/childbirth"
"t0277","medicine"
"t0277","tradition"
"t0277","law"
"t0277","ceremonies"
"t0278","sexual stimulation"
"t0278","matchmaking"
"t0278","social"
"t0279","history"
"t0279","tradition"
"t0279","genealogy"
"t0280","history"
"t0280","genealogy"
"t0281","history"
"t0281","genealogy"
"t0282","medicine"
"t0283","abortion"
"t0284","medicine"
"t0284","injury"
"t0285","medicine"
"t0286","medicine"
"t0287","death"
"t0288","death"
"t0289","medicine"
"t0289","zoology"
"t0290","medicine"
"t0291","medicine"
"t0292","medicine"
"t0292","psychology"
"t0293","medicine"
"t0294","botany"
"t0294","medicine"
"t0294","meteorology"
"t0294","sexual stimulation"
"t0295","medicine"
"t0295","injury"
"t0296","medicine"
"t0296","botany"
"t0296","zoology"
"t0297","medicine"
"t0298","medicine"
"t0298","injury"
"t0298","divination/uncertainty"
"t0299","anatomy"
"t0299","physiology"
"t0299","medicine"
"t0300","death"
"t0301","medicine"
"t0302","medicine"
"t0302","psychology"
"t0302","zoology"
"t0303","medicine"
"t0303","death"
"t0304","medicine"
"t0304","injury"
"t0305","medicine"
"t0305","psychology"
"t0305","mental illness"
"t0306","medicine"
"t0306","physiology"
"t0307","medicine"
"t0308","medicine"
"t0308","injury"
"t0309","dentistry"
"t0310","medicine"
"t0311","medicine"
"t0312","medicine"
"t0313","medicine"
"t0314","medicine"
"t0314","botany"
"t0314","zoology"
"t0314","art/crafts"
"t0315","medicine"
"t0315","psychology"
"t0315","mental illness"
"t0316","medicine"
"t0316","psychology"
"t0316","mental illness"
"t0317","body alteration"
"t0318","body alteration"
"t0319","meteorology"
"t0319","astronomy"
"t0319","subsistence"
"t0319","divination/uncertainty"
"t0320","meteorology"
"t0320","astronomy"
"t0320","subsistence"
"t0320","divination/uncertainty"
"t0321","meteorology"
"t0321","astronomy"
"t0322","meteorology"
"t0322","astronomy"
"t0323","meteorology"
"t0323","astronomy"
"t0323","subsistence"
"t0324","meteorology"
"t0324","astronomy"
"t0324","subsistence"
"t0324","math/measures"
"t0324","divination/uncertainty"
"t0324","geography"
"t0325","meteorology"
"t0325","astronomy"
"t0325","subsistence"
"t0325","divination/uncertainty"
"t0326","meteorology"
"t0326","astronomy"
"t0326","subsistence"
"t0326","botany"
"t0326","zoology"
"t0326","geography"
"t0326","veterinary"
"t0327","meteorology"
"t0327","astronomy"
"t0327","subsistence"
"t0328","meteorology"
"t0328","astronomy"
"t0328","math/measures"
"t0329","meteorology"
"t0329","astronomy"
"t0330","psychology"
"t0331","psychology"
"t0332","psychology"
"t0332","math/measures"
"t0332","meteorology"
"t0333","psychology"
"t0334","psychology"
"t0334","matchmaking"
"t0335","medicine"
"t0335","botany"
"t0335","zoology"
"t0336","medicine"
"t0336","botany"
"t0337","medicine"
"t0337","psychology"
"t0337","law"
"t0337","tradition"
"t0338","medicine"
"t0338","psychology"
"t0338","matchmaking"
"t0338","math/measures"
"t0339","medicine"
"t0339","botany"
"t0340","meteorology"
"t0340","astronomy"
"t0341","zoology"
"t0341","subsistence"
"t0342","medicine"
"t0342","zoology"
"t0342","divination/uncertainty"
"t0342","botany"
"t0342","meteorology"
"t0343","medicine"
"t0343","zoology"
"t0344","medicine"
"t0344","zoology"
"t0345","medicine"
"t0346","anatomy"
"t0346","divination/uncertainty"
"t0347","medicine"
"t0347","zoology"
"t0347","divination/uncertainty"
"t0348","medicine"
"t0349","medicine"
"t0350","psychology"
"t0350","divination/uncertainty"
"t0351","psychology"
"t0352","zoology"
"t0352","divination/uncertainty"
"t0353","speech"
"t0353","music"
"t0353","tradition"
"t0354","botany"
"t0354","art/crafts"
"t0355","medicine"
"t0355","divination/uncertainty"
"t0356","medicine"
"t0356","psychology"
"t0356","divination/uncertainty"
"t0357","medicine"
"t0357","music"
"t0357","divination/uncertainty"
"t0358","medicine"
"t0358","injury"
"t0359","zoology"
"t0360","medicine"
"t0360","divination/uncertainty"
"t0361","medicine"
"t0361","botany"
"t0362","zoology"
"t0362","subsistence"
"t0363","tradition"
"t0363","philosophy"
"t0363","general"
"t0364","medicine"
"t0364","divination/uncertainty"
"t0365","medicine"
"t0365","psychology"
"t0365","music"
"t0365","divination/uncertainty"
"t0365","dancing"
"t0366","medicine"
"t0366","meteorology"
"t0366","divination/uncertainty"
"t0366","psychology"
"t0367","geography"
"t0367","meteorology"
"t0367","marriage"
"t0367","anatomy"
"t0367","death"
"t0367","misfortune"
"t0367","cosmology"
"t0367","construction"
"t0368","medicine"
"t0368","pregnancy/childbirth"
"t0369","medicine"
"t0369","death"
"t0370","medicine"
"t0370","psychology"
"t0370","pregnancy/childbirth"
"t0371","meteorology"
"t0371","astronomy"
"t0371","divination/uncertainty"
"t0372","medicine"
"t0373","medicine"
"t0374","medicine"
"t0374","death"
"t0375","medicine"
"t0375","psychology"
"t0375","misfortune"
"t0375","divination/uncertainty"
"t0375","injury"
"t0376","medicine"
"t0376","divination/uncertainty"
"t0377","marriage"
"t0377","death"
"t0377","burial"
"t0377","misfortune"
"t0377","divination/uncertainty"
"t0377","construction"
"t0378","medicine"
"t0378","divination/uncertainty"
"t0379","medicine"
"t0379","death"
"t0379","marriage"
"t0379","divination/uncertainty"
"t0379","misfortune"
"t0380","medicine"
"t0380","death"
"t0380","psychology"
"t0380","divination/uncertainty"
"t0381","medicine"
"t0381","psychology"
"t0381","mental illness"
"t0381","divination/uncertainty"
"t0382","zoology"
"t0382","misfortune"
"t0383","anatomy"
"t0383","social"
"t0384","zoology"
"t0384","divination/uncertainty"
"t0384","psychology"
"t0385","medicine"
"t0385","meteorology"
"t0385","divination/uncertainty"
"t0386","medicine"
"t0386","misfortune"
"t0387","medicine"
"t0387","botany"
"t0387","misfortune"
"t0387","divination/uncertainty"
"t0388","medicine"
"t0389","medicine"
"t0389","divination/uncertainty"
"t0389","psychology"
"t0390","medicine"
"t0390","veterinary"
"t0390","zoology"
"t0390","misfortune"
"t0391","pregnancy/childbirth"
"t0391","botany"
"t0391","geography"
"t0391","construction"
"t0391","divination/uncertainty"
"t0391","psychology"
"t0392","medicine"
"t0392","body alteration"
"t0392","matchmaking"
"t0392","psychology"
"t0392","marriage"
"t0392","construction"
"t0393","history"
"t0393","tradition"
"t0393","literature"
"t0393","psychology"
"t0393","law"
"t0394","psychology"
"t0394","matchmaking"
"t0394","sexual stimulation"
"t0395","botany"
"t0396","botany"
"t0396","construction"
"t0396","divination/uncertainty"
"t0397","medicine"
"t0398","medicine"
"t0398","botany"
"t0398","psychology"
"t0398","art/crafts"
"t0399","medicine"
"t0399","anatomy"
"t0399","zoology"
"t0399","botany"
"t0400","medicine"
"t0400","physiology"
"t0401","medicine"
"t0401","botany"
"t0402","medicine"
"t0402","divination/uncertainty"
"t0402","meteorology"
"t0403","physiology"
"t0404","zoology"
"t0404","divination/uncertainty"
"t0405","zoology"
"t0405","anatomy"
"t0405","divination/uncertainty"
"t0406","genealogy"
"t0406","history"
"t0406","death"
"t0407","medicine"
"t0407","injury"
"t0407","physiology"
"t0407","veterinary"
"t0407","art/crafts"
"t0407","pregnancy/childbirth"
"t0408","medicine"
"t0408","injury"
"t0409","zoology"
"t0409","subsistence"
"t0410","botany"
"t0410","woodworking"
"t0410","art/crafts"
"t0410","boat making"
"t0411","zoology"
"t0411","veterinary"
"t0411","subsistence"
"t0411","anatomy"
"t0411","body alteration"
"t0412","medicine"
"t0412","zoology"
"t0412","divination/uncertainty"
"t0413","medicine"
"t0413","music"
"t0413","divination/uncertainty"
"t0414","veterinary"
"t0414","botany"
"t0415","medicine"
"t0415","physiology"
"t0416","medicine"
"t0416","psychology"
"t0417","medicine"
"t0417","psychology"
"t0418","medicine"
"t0418","psychology"
"t0418","zoology"
"t0418","mental illness"
"t0419","psychology"
"t0419","mental illness"
"t0420","medicine"
"t0420","psychology"
"t0420","mental illness"
"t0421","medicine"
"t0421","zoology"
"t0421","pregnancy/childbirth"
"t0422","medicine"
"t0422","psychology"
"t0422","mental illness"
"t0423","medicine"
"t0423","zoology"
"t0424","medicine"
"t0424","misfortune"
"t0425","medicine"
"t0425","psychology"
"t0425","divination/uncertainty"
"t0426","medicine"
"t0426","psychology"
"t0426","mental illness"
"t0427","medicine"
"t0427","divination/uncertainty"
"t0428","medicine"
"t0428","misfortune"
"t0429","medicine"
"t0429","psychology"
"t0429","divination/uncertainty"
"t0429","cosmology"
"t0430","medicine"
"t0430","botany"
"t0431","medicine"
"t0431","botany"
"t0431","psychology"
"t0432","medicine"
"t0432","zoology"
"t0432","psychology"
"t0433","medicine"
"t0433","botany"
"t0433","psychology"
"t0433","boat making"
"t0433","art/crafts"
"t0433","subsistence"
"t0433","speech"
"t0434","medicine"
"t0434","psychology"
"t0434","injury"
"t0435","medicine"
"t0435","psychology"
"t0435","botany"
"t0436","medicine"
"t0436","psychology"
"t0437","medicine"
"t0437","botany"
"t0437","cosmology"
"t0437","history"
"t0438","medicine"
"t0438","pregnancy/childbirth"
"t0438","psychology"
"t0438","botany"
"t0438","music"
"t0438","injury"
"t0438","death"
"t0438","divination/uncertainty"
"t0439","medicine"
"t0439","tradition"
"t0439","history"
"t0439","music"
"t0439","psychology"
"t0439","botany"
"t0439","zoology"
"t0439","death"
"t0439","philosophy"
"t0440","medicine"
"t0440","tradition"
"t0440","botany"
"t0440","subsistence"
"t0440","injury"
"t0441","medicine"
"t0441","botany"
"t0441","divination/uncertainty"
"t0442","medicine"
"t0442","botany"
"t0442","pregnancy/childbirth"
"t0443","medicine"
"t0443","botany"
"t0444","medicine"
"t0444","psychology"
"t0444","mental illness"
"t0444","divination/uncertainty"
"t0445","medicine"
"t0446","botany"
"t0446","psychology"
"t0447","medicine"
"t0448","medicine"
"t0448","psychology"
"t0448","mental illness"
"t0448","zoology"
"t0448","veterinary"
"t0448","misfortune"
"t0448","divination/uncertainty"
"t0449","medicine"
"t0450","zoology"
"t0450","psychology"
"t0450","misfortune"
"t0451","medicine"
"t0452","medicine"
"t0452","misfortune"
"t0453","medicine"
"t0453","psychology"
"t0453","misfortune"
"t0454","medicine"
"t0454","botany"
"t0455","art/crafts"
"t0455","zoology"
"t0456","medicine"
"t0456","psychology"
"t0456","divination/uncertainty"
"t0457","medicine"
"t0457","psychology"
"t0457","divination/uncertainty"
"t0458","medicine"
"t0458","botany"
"t0458","sexual stimulation"
"t0458","subsistence"
"t0458","music"
"t0458","dancing"
"t0459","medicine"
"t0459","psychology"
"t0459","mental illness"
"t0459","misfortune"
"t0459","divination/uncertainty"
"t0460","medicine"
"t0460","psychology"
"t0460","mental illness"
"t0460","misfortune"
"t0460","divination/uncertainty"
"t0460","subsistence"
"t0461","medicine"
"t0462","medicine"
"t0462","music"
"t0462","botany"
"t0463","medicine"
"t0463","botany"
"t0464","medicine"
"t0465","medicine"
"t0465","music"
"t0466","medicine"
"t0466","music"
"t0467","medicine"
"t0468","meteorology"
"t0468","divination/uncertainty"
"t0469","meteorology"
"t0469","divination/uncertainty"
"t0470","medicine"
"t0470","injury"
"t0470","music"
"t0471","medicine"
"t0471","sexual stimulation"
"t0471","matchmaking"
"t0472","meteorology"
"t0472","medicine"
"t0472","astronomy"
"t0473","medicine"
"t0473","psychology"
"t0473","zoology"
"t0474","botany"
"t0474","subsistence"
"t0474","construction"
"t0475","psychology"
"t0475","social"
"t0475","divination/uncertainty"
"t0475","philosophy"
"t0475","cosmology"
"t0476","meteorology"
"t0476","divination/uncertainty"
"t0477","meteorology"
"t0477","astronomy"
"t0477","divination/uncertainty"
"t0477","misfortune"
"t0478","medicine"
"t0479","medicine"
"t0479","divination/uncertainty"
"t0479","speech"
"t0480","botany"
"t0481","medicine"
"t0481","meteorology"
"t0481","matchmaking"
"t0481","sexual stimulation"
"t0481","art/crafts"
"t0481","subsistence"
"t0481","navigation"
"t0482","death"
"t0482","misfortune"
"t0483","meteorology"
"t0483","misfortune"
"t0484","medicine"
"t0484","psychology"
"t0484","mental illness"
"t0484","divination/uncertainty"
"t0485","medicine"
"t0485","psychology"
"t0485","divination/uncertainty"
"t0485","meteorology"
"t0486","psychology"
"t0486","fighting"
"t0487","sexual stimulation"
"t0487","botany"
"t0487","psychology"
"t0488","medicine"
"t0489","injury"
"t0489","anatomy"
"t0490","medicine"
"t0491","medicine"
"t0491","psychology"
"t0491","mental illness"
"t0492","botany"
"t0492","boat making"
"t0493","body alteration"
"t0493","botany"
"t0493","art/crafts"
"t0493","boat making"
"t0493","woodworking"
"t0494","medicine"
"t0494","botany"
"t0495","history"
"t0495","tradition"
"t0495","music"
"t0495","dancing"
"t0495","medicine"
"t0495","injury"
"t0495","death"
"t0495","pregnancy/childbirth"
"t0495","physiology"
"t0496","medicine"
"t0496","divination/uncertainty"
"t0497","medicine"
"t0497","psychology"
"t0497","botany"
"t0497","zoology"
"t0497","divination/uncertainty"
"t0498","medicine"
"t0498","misfortune"
"t0498","divination/uncertainty"
"t0498","psychology"
"t0498","injury"
"t0498","pregnancy/childbirth"
"t0499","tradition"
"t0499","history"
"t0499","literature"
"t0499","politics"
"t0500","psychology"
"t0500","tradition"
"t0500","social"
"t0500","politics"
"t0501","medicine"
"t0501","misfortune"
"t0501","social"
"t0502","medicine"
"t0502","psychology"
"t0502","misfortune"
"t0502","physiology"
"t0502","botany"
"t0502","music"
"t0503","art/crafts"
"t0503","botany"
"t0504","meteorology"
"t0504","subsistence"
"t0504","cosmology"
"t0505","medicine"
"t0505","botany"
"t0505","meteorology"
"t0505","divination/uncertainty"
"t0505","zoology"
"t0505","veterinary"
"t0506","genealogy"
"t0506","social"
"t0507","social"
"t0507","law"
"t0507","music"
"t0508","geography"
"t0508","art/crafts"
"t0509","medicine"
"t0510","social"
"t0510","law"
"t0510","tradition"
"t0510","medicine"
"t0511","social"
"t0511","law"
"t0511","tradition"
"t0511","medicine"
"t0512","medicine"
"t0512","physics"
"t0512","physiology"
"t0513","geography"
"t0514","medicine"
"t0514","injury"
"t0515","medicine"
"t0515","injury"
"t0516","medicine"
"t0517","medicine"
"t0517","injury"
"t0518","geography"
"t0518","burial"
"t0518","misfortune"
"t0518","divination/uncertainty"
"t0519","construction"
"t0519","art/crafts"
"t0519","woodworking"
"t0520","geography"
"t0520","misfortune"
"t0520","burial"
"t0520","construction"
"t0520","divination/uncertainty"
"t0521","geography"
"t0521","construction"
"t0521","divination/uncertainty"
"t0522","geography"
"t0522","construction"
"t0522","math/measures"
"t0522","divination/uncertainty"
"t0523","social"
"t0523","law"
"t0524","geography"
"t0524","construction"
"t0524","divination/uncertainty"
"t0525","medicine"
"t0525","botany"
"t0526","genealogy"
"t0526","social"
"t0526","history"
"t0526","misfortune"
"t0526","tradition"
"t0526","law"
"t0527","subsistence"
"t0527","botany"
"t0528","math/measures"
"t0528","art/crafts"
"t0528","woodworking"
"t0529","medicine"
"t0530","medicine"
"t0531","geography"
"t0531","music"
"t0531","tradition"
"t0531","social"
"t0531","politics"
"t0532","astronomy"
"t0532","subsistence"
"t0532","navigation"
"t0533","body alteration"
"t0533","woodworking"
"t0533","medicine"
"t0534","subsistence"
"t0534","art/crafts"
"t0534","tradition"
"t0534","music"
"t0534","history"
"t0534","politics"
"t0534","social"
"t0534","speech"
"t0535","social"
"t0535","genealogy"
"t0535","marriage"
"t0535","tradition"
"t0535","history"
"t0535","law"
"t0536","social"
"t0536","politics"
"t0537","social"
"t0537","law"
"t0537","politics"
"t0537","tradition"
"t0538","medicine"
"t0538","psychology"
"t0538","divination/uncertainty"
"t0539","marriage"
"t0539","ceremonies"
"t0540","medicine"
"t0541","matchmaking"
"t0541","marriage"
"t0542","matchmaking"
"t0542","misfortune"
"t0542","math/measures"
"t0542","marriage"
"t0542","divination/uncertainty"
"t0543","matchmaking"
"t0543","divination/uncertainty"
"t0543","marriage"
"t0543","math/measures"
"t0544","marriage"
"t0544","tradition"
"t0544","politics"
"t0544","social"
"t0544","law"
"t0544","ceremonies"
"t0545","politics"
"t0545","tradition"
"t0545","social"
"t0545","law"
"t0546","body alteration"
"t0547","medicine"
"t0547","psychology"
"t0258","botany"
"t0264","botany"
"t0267","botany"
"t0269","botany"
"t0271","botany"
"t0274","botany"
"t0275","botany"
"t0276","botany"
"t0282","botany"
"t0285","botany"
"t0286","botany"
"t0007","botany"
"t0009","botany"
"t0011","botany"
"t0012","botany"
"t0014","botany"
"t0021","botany"
"t0040","botany"
"t0051","botany"
"t0052","botany"
"t0060","botany"
"t0061","botany"
"t0070","botany"
"t0074","botany"
"t0076","botany"
"t0077","botany"
"t0078","botany"
"t0082","botany"
"t0085","botany"
"t0088","botany"
"t0091","botany"
"t0092","botany"
"t0093","botany"
"t0097","botany"
"t0098","botany"
"t0099","botany"
"t0106","botany"
"t0109","botany"
"t0110","botany"
"t0111","botany"
"t0112","botany"
"t0113","botany"
"t0116","botany"
"t0119","botany"
"t0120","botany"
"t0121","botany"
"t0122","botany"
"t0124","botany"
"t0127","botany"
"t0144","botany"
"t0146","botany"
"t0147","botany"
"t0149","botany"
"t0150","botany"
"t0152","botany"
"t0155","botany"
"t0160","botany"
"t0165","botany"
"t0171","botany"
"t0174","botany"
"t0184","botany"
"t0185","botany"
"t0186","botany"
"t0187","botany"
"t0191","botany"
"t0194","botany"
"t0195","botany"
"t0196","botany"
"t0198","botany"
"t0201","botany"
"t0509","botany"
"t0512","botany"
"t0524","botany"
"t0533","botany"
"t0546","botany"
"t0287","botany"
"t0295","botany"
"t0298","botany"
"t0302","botany"
"t0307","botany"
"t0309","botany"
"t0313","botany"
"t0337","botany"
"t0340","botany"
"t0348","botany"
"t0352","botany"
"t0355","botany"
"t0359","botany"
"t0370","botany"
"t0376","botany"
"t0383","botany"
"t0385","botany"
"t0388","botany"
"t0392","botany"
"t0397","botany"
"t0407","botany"
"t0409","botany"
"t0416","botany"
"t0424","botany"
"t0429","botany"
"t0432","botany"
"t0449","botany"
"t0457","botany"
"t0459","botany"
"t0460","botany"
"t0467","botany"
"t0471","botany"
"t0481","botany"
"t0482","botany"
"t0484","botany"
"t0491","botany"
"t0498","botany"
"t0275","zoology"
"t0276","zoology"
"t0285","zoology"
"t0016","zoology"
"t0040","zoology"
"t0051","zoology"
"t0060","zoology"
"t0068","zoology"
"t0076","zoology"
"t0077","zoology"
"t0097","zoology"
"t0116","zoology"
"t0147","zoology"
"t0185","zoology"
"t0186","zoology"
"t0187","zoology"
"t0191","zoology"
"t0198","zoology"
"t0512","zoology"
"t0516","zoology"
"t0534","zoology"
"t0287","zoology"
"t0293","zoology"
"t0313","zoology"
"t0319","zoology"
"t0320","zoology"
"t0323","zoology"
"t0327","zoology"
"t0355","zoology"
"t0376","zoology"
"t0385","zoology"
"t0387","zoology"
"t0388","zoology"
"t0394","zoology"
"t0407","zoology"
"t0413","zoology"
"t0414","zoology"
"t0429","zoology"
"t0433","zoology"
"t0440","zoology"
"t0452","zoology"
"t0458","zoology"
"t0459","zoology"
"t0460","zoology"
"t0471","zoology"
"t0487","zoology"
"t0492","zoology"
"t0495","zoology"
"t0496","zoology"
